video_id,publishedAt,channelId,title,description,thumbnails.default.url,thumbnails.default.width,thumbnails.default.height,thumbnails.medium.url,thumbnails.medium.width,thumbnails.medium.height,thumbnails.high.url,thumbnails.high.width,thumbnails.high.height,channelTitle,liveBroadcastContent,date
cwA3aptsFsk,2019-01-02T21:37:03.000Z,UC-lHJZR3Gqxm24_Vd_AJ5Yw,"Blade and Sorcery #3 - Pewdiepie vs Thanos, WHO would WIN? (Vote)",N E W  M E R C H  : https://represent.com/pewdiepie (‚ó°‚Äø‚ó°‚úø) Submit M E M E S: https://www.reddit.com/r/PewdiepieSubmissions/ ‡ºº‚ô•ŸÑÕú‚ô•‡ºΩ __ AD| Shop my ...,https://i.ytimg.com/vi/cwA3aptsFsk/default.jpg,120,90,https://i.ytimg.com/vi/cwA3aptsFsk/mqdefault.jpg,320,180,https://i.ytimg.com/vi/cwA3aptsFsk/hqdefault.jpg,480,360,PewDiePie,none,2019-01-02
b_gitOw1TZU,2019-01-03T17:02:17.000Z,UC-lHJZR3Gqxm24_Vd_AJ5Yw,Jake Paul &amp; Ricegum SCAM Mystery unbox ? / Ninja New Years Cringe / üì∞ PEW NEWSüì∞,Jake Paul and Ricegum caught in new Opsie over mystery brand unbox promo videos. Ninja provides epic cringe moments montage from New years footage.,https://i.ytimg.com/vi/b_gitOw1TZU/default.jpg,120,90,https://i.ytimg.com/vi/b_gitOw1TZU/mqdefault.jpg,320,180,https://i.ytimg.com/vi/b_gitOw1TZU/hqdefault.jpg,480,360,PewDiePie,none,2019-01-03
tQeBRMp4S7s,2019-01-05T19:15:44.000Z,UC-lHJZR3Gqxm24_Vd_AJ5Yw,Unintentional Opsies #29 [REDDIT REVIEW],inb4 vox N E W  M E R C H  : https://represent.com/pewdiepie (‚ó°‚Äø‚ó°‚úø) Submit M E M E S: https://www.reddit.com/r/PewdiepieSubmissions/ ‡ºº‚ô•ŸÑÕú‚ô•‡ºΩ __ AD| ...,https://i.ytimg.com/vi/tQeBRMp4S7s/default.jpg,120,90,https://i.ytimg.com/vi/tQeBRMp4S7s/mqdefault.jpg,320,180,https://i.ytimg.com/vi/tQeBRMp4S7s/hqdefault.jpg,480,360,PewDiePie,none,2019-01-05
0looVXRbaDk,2019-01-06T18:07:40.000Z,UC-lHJZR3Gqxm24_Vd_AJ5Yw,Genius needs to be stopped!,"Rap Genius have gone too far adding viners like Gabbie Hanna Monster, Lele pons, Jacob sartorius and Flossing kid Check out Genius: ...",https://i.ytimg.com/vi/0looVXRbaDk/default.jpg,120,90,https://i.ytimg.com/vi/0looVXRbaDk/mqdefault.jpg,320,180,https://i.ytimg.com/vi/0looVXRbaDk/hqdefault.jpg,480,360,PewDiePie,none,2019-01-06
Nqh8dSzQV-g,2019-01-07T19:18:42.000Z,UC-lHJZR3Gqxm24_Vd_AJ5Yw,I&#39;m not afraid to say it... LWIAY - #0061,AD| Find Origin PC laptops here https://www.originpc.com/landing/2019/nvidia-20-series-laptops/ and here https://www.originpc.com/gaming/laptops/ 9 DAYS ...,https://i.ytimg.com/vi/Nqh8dSzQV-g/default.jpg,120,90,https://i.ytimg.com/vi/Nqh8dSzQV-g/mqdefault.jpg,320,180,https://i.ytimg.com/vi/Nqh8dSzQV-g/hqdefault.jpg,480,360,PewDiePie,none,2019-01-07
aAluwbON3jY,2019-01-16T17:45:02.000Z,UC-lHJZR3Gqxm24_Vd_AJ5Yw,Beat Saber - Part 2 - Memes and vr was a mistake..,I try out beatsaber with mods You can get beat saber here: https://store.steampowered.com/app/620980/Beat_Saber/ N E W  M E R C H  ...,https://i.ytimg.com/vi/aAluwbON3jY/default.jpg,120,90,https://i.ytimg.com/vi/aAluwbON3jY/mqdefault.jpg,320,180,https://i.ytimg.com/vi/aAluwbON3jY/hqdefault.jpg,480,360,PewDiePie,none,2019-01-16
yMWel-ct3nw,2019-01-18T18:19:46.000Z,UC-lHJZR3Gqxm24_Vd_AJ5Yw,Resident Evil 2 - Scariest game EVER in the UNIVERSE OwO SUPER SCARY EXTRA,I play resident evil 2 remake demo and its a video game N E W  M E R C H  : https://represent.com/pewdiepie (‚ó°‚Äø‚ó°‚úø) Submit M E M E S: ...,https://i.ytimg.com/vi/yMWel-ct3nw/default.jpg,120,90,https://i.ytimg.com/vi/yMWel-ct3nw/mqdefault.jpg,320,180,https://i.ytimg.com/vi/yMWel-ct3nw/hqdefault.jpg,480,360,PewDiePie,none,2019-01-18
su045ytF_z4,2019-01-19T18:40:09.000Z,UC-lHJZR3Gqxm24_Vd_AJ5Yw,(OwO) /r/creepyasterisks/ #31 [REDDIT REVIEW],We review one of the darkest reddits of all time Creepy asteriks: https://www.reddit.com/r/creepyasterisks/ Ken's Meat: ...,https://i.ytimg.com/vi/su045ytF_z4/default.jpg,120,90,https://i.ytimg.com/vi/su045ytF_z4/mqdefault.jpg,320,180,https://i.ytimg.com/vi/su045ytF_z4/hqdefault.jpg,480,360,PewDiePie,none,2019-01-19
HyAuduhaJdw,2019-01-20T17:45:02.000Z,UC-lHJZR3Gqxm24_Vd_AJ5Yw,Walking Dead - Final Season - Part 3 - They put me in the game!!!! ***Epic***,Walking Dead episode 3 season 2 part 3 FULL PLAYLIST: ...,https://i.ytimg.com/vi/HyAuduhaJdw/default.jpg,120,90,https://i.ytimg.com/vi/HyAuduhaJdw/mqdefault.jpg,320,180,https://i.ytimg.com/vi/HyAuduhaJdw/hqdefault.jpg,480,360,PewDiePie,none,2019-01-20
gsUhVzMse4s,2019-01-22T19:41:02.000Z,UC-lHJZR3Gqxm24_Vd_AJ5Yw,This is the end... LWIAY - #0064,this weeks lwiay is so sad buy merch https://represent.com/store/pewdiepie N E W  M E R C H  : https://represent.com/pewdiepie (‚ó°‚Äø‚ó°‚úø) Submit M E M E S: ...,https://i.ytimg.com/vi/gsUhVzMse4s/default.jpg,120,90,https://i.ytimg.com/vi/gsUhVzMse4s/mqdefault.jpg,320,180,https://i.ytimg.com/vi/gsUhVzMse4s/hqdefault.jpg,480,360,PewDiePie,none,2019-01-22
wplasyanOfE,2019-01-28T18:12:03.000Z,UC-lHJZR3Gqxm24_Vd_AJ5Yw,Tik Toks most HILARIOUS funny compilations LAUGHING while CRYING O M G part 10,12 HOURS LEFT ON MERCH https://represent.com/80mill/pewdiepie-80-mill-club-shirt?kw=store&store=pewdiepie&variant=1753 super new epic tiktok funny ...,https://i.ytimg.com/vi/wplasyanOfE/default.jpg,120,90,https://i.ytimg.com/vi/wplasyanOfE/mqdefault.jpg,320,180,https://i.ytimg.com/vi/wplasyanOfE/hqdefault.jpg,480,360,PewDiePie,none,2019-01-28
B67OBHNCopk,2019-02-08T18:13:15.000Z,UC-lHJZR3Gqxm24_Vd_AJ5Yw,YOU HAD ONE JOB! - with editor Brad1  /r/youhadonejob/ #33 [REDDIT REVIEW],You had one job subreddit BRAD: https://www.twitch.tv/bradwoto N E W  M E R C H  : https://represent.com/pewdiepie (‚ó°‚Äø‚ó°‚úø) Submit M E M E S: ...,https://i.ytimg.com/vi/B67OBHNCopk/default.jpg,120,90,https://i.ytimg.com/vi/B67OBHNCopk/mqdefault.jpg,320,180,https://i.ytimg.com/vi/B67OBHNCopk/hqdefault.jpg,480,360,PewDiePie,none,2019-02-08
2l_GbIdok5A,2019-02-13T17:45:00.000Z,UC-lHJZR3Gqxm24_Vd_AJ5Yw,I&#39;ve made a HUGE mistake...  LWIAY - #0067,Check out Thomas Brush for the 2 week game development! https://www.youtube.com/watch?v=jY6F7XWcmMU N E W  M E R C H  ...,https://i.ytimg.com/vi/2l_GbIdok5A/default.jpg,120,90,https://i.ytimg.com/vi/2l_GbIdok5A/mqdefault.jpg,320,180,https://i.ytimg.com/vi/2l_GbIdok5A/hqdefault.jpg,480,360,PewDiePie,none,2019-02-13
zpWYQ1YtgnI,2019-02-22T19:50:04.000Z,UC-lHJZR3Gqxm24_Vd_AJ5Yw,Will Smith hosts Meme Review w/ Elon Musk  [MEME REVIEW] üëè üëè#50,Give them some love: Tesla man: https://twitter.com/elonmusk?lang=en Rick Morty man; https://twitter.com/JustinRoiland N E W  M E R C H  ...,https://i.ytimg.com/vi/zpWYQ1YtgnI/default.jpg,120,90,https://i.ytimg.com/vi/zpWYQ1YtgnI/mqdefault.jpg,320,180,https://i.ytimg.com/vi/zpWYQ1YtgnI/hqdefault.jpg,480,360,PewDiePie,none,2019-02-22
X-_K-S10Ccg,2019-02-26T18:38:55.000Z,UC-lHJZR3Gqxm24_Vd_AJ5Yw,GORN - Gameplay - Epic VR,M E R C H  : https://represent.com/pewdiepie (‚ó°‚Äø‚ó°‚úø) The Game: *GORN: https://store.steampowered.com/app/578620/GORN/ Submit M E M E S: ...,https://i.ytimg.com/vi/X-_K-S10Ccg/default.jpg,120,90,https://i.ytimg.com/vi/X-_K-S10Ccg/mqdefault.jpg,320,180,https://i.ytimg.com/vi/X-_K-S10Ccg/hqdefault.jpg,480,360,PewDiePie,none,2019-02-26
78IfMhVFBLk,2019-03-03T18:15:00.000Z,UC-lHJZR3Gqxm24_Vd_AJ5Yw,QnA with future Wifey,Me and marzia answer questions from twitter N E W  M E R C H  : https://represent.com/pewdiepie (‚ó°‚Äø‚ó°‚úø) Submit M E M E S: ...,https://i.ytimg.com/vi/78IfMhVFBLk/default.jpg,120,90,https://i.ytimg.com/vi/78IfMhVFBLk/mqdefault.jpg,320,180,https://i.ytimg.com/vi/78IfMhVFBLk/hqdefault.jpg,480,360,PewDiePie,none,2019-03-03
9y871YfIeAk,2019-03-05T19:08:18.000Z,UC-lHJZR3Gqxm24_Vd_AJ5Yw,Playing PUBG Mobile Zombie mode to STOP TseriesVIRUS,Thanks to PUBG Mobile for sponsoring this stream! Download PUBG Mobile in zombie mode now: http://bit.ly/PUBGMPDP #PUBGMxRE2 #endtvirus.,https://i.ytimg.com/vi/9y871YfIeAk/default.jpg,120,90,https://i.ytimg.com/vi/9y871YfIeAk/mqdefault.jpg,320,180,https://i.ytimg.com/vi/9y871YfIeAk/hqdefault.jpg,480,360,PewDiePie,none,2019-03-05
Kvz-QjbF4OA,2019-03-07T18:45:40.000Z,UC-lHJZR3Gqxm24_Vd_AJ5Yw,Kids are very dumb #35 [REDDIT REVIEW],CinnamonTseriesKen: https://www.youtube.com/CinnamonToastKen N E W  M E R C H  : https://represent.com/pewdiepie (‚ó°‚Äø‚ó°‚úø) Submit M E M E S: ...,https://i.ytimg.com/vi/Kvz-QjbF4OA/default.jpg,120,90,https://i.ytimg.com/vi/Kvz-QjbF4OA/mqdefault.jpg,320,180,https://i.ytimg.com/vi/Kvz-QjbF4OA/hqdefault.jpg,480,360,PewDiePie,none,2019-03-07
IXAI3FOBuE0,2019-03-20T20:49:23.000Z,UC-lHJZR3Gqxm24_Vd_AJ5Yw,YOU WAS AT THE CLUB  Tik Tok  part 14,(sponsor:) Get 31% OFF with code PEWDIEPIE and check out the new starter packs here: https://gfuel.ly/2Hq5XVj N E W  M E R C H  ...,https://i.ytimg.com/vi/IXAI3FOBuE0/default.jpg,120,90,https://i.ytimg.com/vi/IXAI3FOBuE0/mqdefault.jpg,320,180,https://i.ytimg.com/vi/IXAI3FOBuE0/hqdefault.jpg,480,360,PewDiePie,none,2019-03-20
tIZLzoqTToc,2019-03-27T18:18:38.000Z,UC-lHJZR3Gqxm24_Vd_AJ5Yw,How the Marvel Avengers Series Ends (SPOILERS) leak [MEME REVIEW] üëè üëè#53,"Marvel Avengers endgame deleted scenes, subscribe for more avengers and marvel content. How the Marvel Avengers Series Ends (SPOILERS) leak ...",https://i.ytimg.com/vi/tIZLzoqTToc/default.jpg,120,90,https://i.ytimg.com/vi/tIZLzoqTToc/mqdefault.jpg,320,180,https://i.ytimg.com/vi/tIZLzoqTToc/hqdefault.jpg,480,360,PewDiePie,none,2019-03-27
uvRlpcu3yjQ,2019-04-03T17:30:02.000Z,UC-lHJZR3Gqxm24_Vd_AJ5Yw,I hate it  #37 [REDDIT REVIEW],N E W  M E R C H  : https://represent.com/pewdiepie (‚ó°‚Äø‚ó°‚úø) Submit M E M E S: https://www.reddit.com/r/PewdiepieSubmissions/ ‡ºº‚ô•ŸÑÕú‚ô•‡ºΩ __ TSUKI: ...,https://i.ytimg.com/vi/uvRlpcu3yjQ/default.jpg,120,90,https://i.ytimg.com/vi/uvRlpcu3yjQ/mqdefault.jpg,320,180,https://i.ytimg.com/vi/uvRlpcu3yjQ/hqdefault.jpg,480,360,PewDiePie,none,2019-04-03
bRG6sy3VaWU,2019-04-09T13:53:21.000Z,UC-lHJZR3Gqxm24_Vd_AJ5Yw,Here&#39;s the mf tea ‚òï  [MEME REVIEW] üëè üëè#54,AD | Follow me on DLive here: https://dlive.tv/pewdiepie Download DLive on iOS: ...,https://i.ytimg.com/vi/bRG6sy3VaWU/default.jpg,120,90,https://i.ytimg.com/vi/bRG6sy3VaWU/mqdefault.jpg,320,180,https://i.ytimg.com/vi/bRG6sy3VaWU/hqdefault.jpg,480,360,PewDiePie,none,2019-04-09
fsbZZT6dZIA,2019-04-10T18:26:11.000Z,UC-lHJZR3Gqxm24_Vd_AJ5Yw,Sekiro Full Gameplay (0 Deaths Run),Sekiro gameplay very part 1 full run Suppert the chan get merch : https://represent.com/pewdiepie (‚ó°‚Äø‚ó°‚úø) Submit M E M E S: ...,https://i.ytimg.com/vi/fsbZZT6dZIA/default.jpg,120,90,https://i.ytimg.com/vi/fsbZZT6dZIA/mqdefault.jpg,320,180,https://i.ytimg.com/vi/fsbZZT6dZIA/hqdefault.jpg,480,360,PewDiePie,none,2019-04-10
Ux-YVt9iJLE,2019-04-12T17:55:44.000Z,UC-lHJZR3Gqxm24_Vd_AJ5Yw,The Frickening (HD),Suppert the chan get merch : https://represent.com/pewdiepie (‚ó°‚Äø‚ó°‚úø) Submit M E M E S: https://www.reddit.com/r/PewdiepieSubmissions/ ‡ºº‚ô•ŸÑÕú‚ô•‡ºΩ __ ...,https://i.ytimg.com/vi/Ux-YVt9iJLE/default.jpg,120,90,https://i.ytimg.com/vi/Ux-YVt9iJLE/mqdefault.jpg,320,180,https://i.ytimg.com/vi/Ux-YVt9iJLE/hqdefault.jpg,480,360,PewDiePie,none,2019-04-12
rdaQsl9jqmw,2019-04-21T17:33:59.000Z,UC-lHJZR3Gqxm24_Vd_AJ5Yw,Walking Dead - Final Season - Part 4 END - this is so sad,Suppert the chan get merch : https://represent.com/pewdiepie (‚ó°‚Äø‚ó°‚úø) Submit M E M E S: https://www.reddit.com/r/PewdiepieSubmissions/ ‡ºº‚ô•ŸÑÕú‚ô•‡ºΩ __ ...,https://i.ytimg.com/vi/rdaQsl9jqmw/default.jpg,120,90,https://i.ytimg.com/vi/rdaQsl9jqmw/mqdefault.jpg,320,180,https://i.ytimg.com/vi/rdaQsl9jqmw/hqdefault.jpg,480,360,PewDiePie,none,2019-04-21
E9vF215E5lw,2019-04-25T16:20:56.000Z,UC-lHJZR3Gqxm24_Vd_AJ5Yw,My IQ Revealed!  LWIAY - #0075,Very fun time reviewing subreddit pewdiepie submissions reddit very fun Suppert the chan get merch : https://represent.com/pewdiepie (‚ó°‚Äø‚ó°‚úø) Submit ...,https://i.ytimg.com/vi/E9vF215E5lw/default.jpg,120,90,https://i.ytimg.com/vi/E9vF215E5lw/mqdefault.jpg,320,180,https://i.ytimg.com/vi/E9vF215E5lw/hqdefault.jpg,480,360,PewDiePie,none,2019-04-25
gNNSlfcOBAY,2019-04-27T15:21:21.000Z,UC-lHJZR3Gqxm24_Vd_AJ5Yw,What Celebrities are MEAN in real life?,Suppert the chan get merch : https://represent.com/pewdiepie Pity sub: https://www.youtube.com/channel/UCepq9z9ovYGxhNrvf6VMSjg (‚ó°‚Äø‚ó°‚úø) Submit ...,https://i.ytimg.com/vi/gNNSlfcOBAY/default.jpg,120,90,https://i.ytimg.com/vi/gNNSlfcOBAY/mqdefault.jpg,320,180,https://i.ytimg.com/vi/gNNSlfcOBAY/hqdefault.jpg,480,360,PewDiePie,none,2019-04-27
QNLARCvIATo,2019-04-29T16:45:00.000Z,UC-lHJZR3Gqxm24_Vd_AJ5Yw,Our secret trip,Me and marzia go on a trip in secret to. Suppert the chan get merch : https://represent.com/pewdiepie (‚ó°‚Äø‚ó°‚úø) Submit M E M E S: ...,https://i.ytimg.com/vi/QNLARCvIATo/default.jpg,120,90,https://i.ytimg.com/vi/QNLARCvIATo/mqdefault.jpg,320,180,https://i.ytimg.com/vi/QNLARCvIATo/hqdefault.jpg,480,360,PewDiePie,none,2019-04-29
xVVYkyZzCFY,2019-05-04T15:29:46.000Z,UC-lHJZR3Gqxm24_Vd_AJ5Yw,I will retouch your photos ($5000) - Delusional Artists #39 [REDDIT REVIEW],reddit delusional artists epic Buy my art: https://www.ebay.co.uk/itm/A-ORIGINAL-A5-DRAWING-OF-SONIC-THE-HEDGEHOG/183798730174 1DAYLEFT: ...,https://i.ytimg.com/vi/xVVYkyZzCFY/default.jpg,120,90,https://i.ytimg.com/vi/xVVYkyZzCFY/mqdefault.jpg,320,180,https://i.ytimg.com/vi/xVVYkyZzCFY/hqdefault.jpg,480,360,PewDiePie,none,2019-05-04
JLREgYXXdB8,2019-05-07T15:57:02.000Z,UC-lHJZR3Gqxm24_Vd_AJ5Yw,I Broke My Ass,Suppert the chan get merch : https://represent.com/pewdiepie (‚ó°‚Äø‚ó°‚úø) Submit M E M E S: https://www.reddit.com/r/PewdiepieSubmissions/ ‡ºº‚ô•ŸÑÕú‚ô•‡ºΩ __ ...,https://i.ytimg.com/vi/JLREgYXXdB8/default.jpg,120,90,https://i.ytimg.com/vi/JLREgYXXdB8/mqdefault.jpg,320,180,https://i.ytimg.com/vi/JLREgYXXdB8/hqdefault.jpg,480,360,PewDiePie,none,2019-05-07
cA-AT80GjxA,2019-05-09T18:23:49.000Z,UC-lHJZR3Gqxm24_Vd_AJ5Yw,Will pay $5000 to fix this - LWIAY #0077,Suppert the chan get merch : https://represent.com/pewdiepie (‚ó°‚Äø‚ó°‚úø) Submit M E M E S: https://www.reddit.com/r/PewdiepieSubmissions/ ‡ºº‚ô•ŸÑÕú‚ô•‡ºΩ __ ...,https://i.ytimg.com/vi/cA-AT80GjxA/default.jpg,120,90,https://i.ytimg.com/vi/cA-AT80GjxA/mqdefault.jpg,320,180,https://i.ytimg.com/vi/cA-AT80GjxA/hqdefault.jpg,480,360,PewDiePie,none,2019-05-09
F_BQ9GO7Y88,2019-05-10T16:40:21.000Z,UC-lHJZR3Gqxm24_Vd_AJ5Yw,Memes that makes me skratta YLYL #0059,Elgato Key Lights: http://e.lga.to/PewDiePie (Affiliate) Suppert the chan get merch : https://represent.com/pewdiepie (‚ó°‚Äø‚ó°‚úø) Submit M E M E S: ...,https://i.ytimg.com/vi/F_BQ9GO7Y88/default.jpg,120,90,https://i.ytimg.com/vi/F_BQ9GO7Y88/mqdefault.jpg,320,180,https://i.ytimg.com/vi/F_BQ9GO7Y88/hqdefault.jpg,480,360,PewDiePie,none,2019-05-10
3m4mF9-7L-Y,2019-05-12T15:44:02.000Z,UC-lHJZR3Gqxm24_Vd_AJ5Yw,James Charles is cancelled,The crimes of james charles has been brought up by Tati and its time to put him to justice Suppert the chan get merch : https://represent.com/pewdiepie ...,https://i.ytimg.com/vi/3m4mF9-7L-Y/default.jpg,120,90,https://i.ytimg.com/vi/3m4mF9-7L-Y/mqdefault.jpg,320,180,https://i.ytimg.com/vi/3m4mF9-7L-Y/hqdefault.jpg,480,360,PewDiePie,none,2019-05-12
wKutrYtv3H0,2019-05-13T15:08:42.000Z,UC-lHJZR3Gqxm24_Vd_AJ5Yw,Fixing Sonic in Photoshop,Fixing sonic design in photoshop good time Suppert the chan get merch : https://represent.com/pewdiepie (‚ó°‚Äø‚ó°‚úø) Submit M E M E S: ...,https://i.ytimg.com/vi/wKutrYtv3H0/default.jpg,120,90,https://i.ytimg.com/vi/wKutrYtv3H0/mqdefault.jpg,320,180,https://i.ytimg.com/vi/wKutrYtv3H0/hqdefault.jpg,480,360,PewDiePie,none,2019-05-13
JxAUHg8AguA,2019-05-16T16:58:52.000Z,UC-lHJZR3Gqxm24_Vd_AJ5Yw,I broke my balls,AD: I'm streaming this Saturday May 18th on DLive for the Super Fans Festival and giving away 100 meatball shirts. Download DLive app on mobile: ...,https://i.ytimg.com/vi/JxAUHg8AguA/default.jpg,120,90,https://i.ytimg.com/vi/JxAUHg8AguA/mqdefault.jpg,320,180,https://i.ytimg.com/vi/JxAUHg8AguA/hqdefault.jpg,480,360,PewDiePie,none,2019-05-16
Pxgvgh9IFqA,2019-05-20T17:02:32.000Z,UC-lHJZR3Gqxm24_Vd_AJ5Yw,Why Cool Cat needs to be STOPPED ($50 000) Cringe Tuesdays #5,Cool cat for president if you for some reason want to see this film: ...,https://i.ytimg.com/vi/Pxgvgh9IFqA/default.jpg,120,90,https://i.ytimg.com/vi/Pxgvgh9IFqA/mqdefault.jpg,320,180,https://i.ytimg.com/vi/Pxgvgh9IFqA/hqdefault.jpg,480,360,PewDiePie,none,2019-05-20
vuuAMd2DaT4,2019-05-25T16:56:35.000Z,UC-lHJZR3Gqxm24_Vd_AJ5Yw,I brought back Marzia for this,(AD) Download Archero today! Click here for iOS: https://apple.co/2Eeng8e and here to download for Android: http://bit.ly/2W6L3Bf. Big thanks to Archero for ...,https://i.ytimg.com/vi/vuuAMd2DaT4/default.jpg,120,90,https://i.ytimg.com/vi/vuuAMd2DaT4/mqdefault.jpg,320,180,https://i.ytimg.com/vi/vuuAMd2DaT4/hqdefault.jpg,480,360,PewDiePie,none,2019-05-25
0SSrvjDaVFA,2019-05-27T17:10:40.000Z,UC-lHJZR3Gqxm24_Vd_AJ5Yw,KSI is Cancelled üì∞ PEW NEWSüì∞,NEW MERCH FAM : https://represent.com/pewdiepie (‚ó°‚Äø‚ó°‚úø) Submit M E M E S: https://www.reddit.com/r/PewdiepieSubmissions/ ‡ºº‚ô•ŸÑÕú‚ô•‡ºΩ Videos: Coffee ...,https://i.ytimg.com/vi/0SSrvjDaVFA/default.jpg,120,90,https://i.ytimg.com/vi/0SSrvjDaVFA/mqdefault.jpg,320,180,https://i.ytimg.com/vi/0SSrvjDaVFA/hqdefault.jpg,480,360,PewDiePie,none,2019-05-27
RsWQfZl-Xtc,2019-06-22T15:30:00.000Z,UC-lHJZR3Gqxm24_Vd_AJ5Yw,"Papers, Please!",Please note that these videos are purely made for fun and not to make any political statements. (‚ó°‚Äø‚ó°‚úø) Suppert the chan get merch ...,https://i.ytimg.com/vi/RsWQfZl-Xtc/default.jpg,120,90,https://i.ytimg.com/vi/RsWQfZl-Xtc/mqdefault.jpg,320,180,https://i.ytimg.com/vi/RsWQfZl-Xtc/hqdefault.jpg,480,360,PewDiePie,none,2019-06-22
srScJAs2i1c,2019-07-02T17:14:32.000Z,UC-lHJZR3Gqxm24_Vd_AJ5Yw,I found a DOG in Minecraft!!! - Part 7,We meet a new friend today in minecraft FULL PLAYLIST ...,https://i.ytimg.com/vi/srScJAs2i1c/default.jpg,120,90,https://i.ytimg.com/vi/srScJAs2i1c/mqdefault.jpg,320,180,https://i.ytimg.com/vi/srScJAs2i1c/hqdefault.jpg,480,360,PewDiePie,none,2019-07-02
1qyyXfQL5jU,2019-07-04T15:18:25.000Z,UC-lHJZR3Gqxm24_Vd_AJ5Yw,You Laugh = You&#39;re a Gamer - YLYL #0062,You laugh you lose gaming edition Suppert the chan get merch : https://represent.com/pewdiepie (‚ó°‚Äø‚ó°‚úø) Submit M E M E S: ...,https://i.ytimg.com/vi/1qyyXfQL5jU/default.jpg,120,90,https://i.ytimg.com/vi/1qyyXfQL5jU/mqdefault.jpg,320,180,https://i.ytimg.com/vi/1qyyXfQL5jU/hqdefault.jpg,480,360,PewDiePie,none,2019-07-04
iqM2yrJd4hk,2019-07-05T19:48:18.000Z,UC-lHJZR3Gqxm24_Vd_AJ5Yw,Goodbye Joergen - LWIAY #0082,This is so sad Suppert the chan get merch : https://represent.com/pewdiepie (‚ó°‚Äø‚ó°‚úø) Submit M E M E S: https://www.reddit.com/r/PewdiepieSubmissions/ ...,https://i.ytimg.com/vi/iqM2yrJd4hk/default.jpg,120,90,https://i.ytimg.com/vi/iqM2yrJd4hk/mqdefault.jpg,320,180,https://i.ytimg.com/vi/iqM2yrJd4hk/hqdefault.jpg,480,360,PewDiePie,none,2019-07-05
WzC2f5PSIyw,2019-07-07T16:58:30.000Z,UC-lHJZR3Gqxm24_Vd_AJ5Yw,My minecraft Dog is TRAPPED underwater (HELP ME!!!) - Part 9,the most intense episode of minecraft so far.. ALL MINECRAFT EPISODES: ...,https://i.ytimg.com/vi/WzC2f5PSIyw/default.jpg,120,90,https://i.ytimg.com/vi/WzC2f5PSIyw/mqdefault.jpg,320,180,https://i.ytimg.com/vi/WzC2f5PSIyw/hqdefault.jpg,480,360,PewDiePie,none,2019-07-07
SyElmtT8MQw,2019-07-10T20:08:16.000Z,UC-lHJZR3Gqxm24_Vd_AJ5Yw,I found a Nether Castle in Minecraft! - Part 12,I found very cool looking fortress minecraft epicly Suppert the chan get merch : https://represent.com/pewdiepie (‚ó°‚Äø‚ó°‚úø) Submit M E M E S: ...,https://i.ytimg.com/vi/SyElmtT8MQw/default.jpg,120,90,https://i.ytimg.com/vi/SyElmtT8MQw/mqdefault.jpg,320,180,https://i.ytimg.com/vi/SyElmtT8MQw/hqdefault.jpg,480,360,PewDiePie,none,2019-07-10
s-Us4JlPdF8,2019-07-17T17:38:05.000Z,UC-lHJZR3Gqxm24_Vd_AJ5Yw,Minecraft Hunger Games w/ James Charles,James Charles: https://www.youtube.com/jamescharles Suppert the chan get merch : https://represent.com/pewdiepie (‚ó°‚Äø‚ó°‚úø) Submit M E M E S: ...,https://i.ytimg.com/vi/s-Us4JlPdF8/default.jpg,120,90,https://i.ytimg.com/vi/s-Us4JlPdF8/mqdefault.jpg,320,180,https://i.ytimg.com/vi/s-Us4JlPdF8/hqdefault.jpg,480,360,PewDiePie,none,2019-07-17
dJg1ptpqN2g,2019-07-20T17:03:14.000Z,UC-lHJZR3Gqxm24_Vd_AJ5Yw,I found an Ikea Bird in Minecraft! - Part 17,We find a parrot and panda in the jungle of minecraft ALL MINECRAFT EPISODES HERE: ...,https://i.ytimg.com/vi/dJg1ptpqN2g/default.jpg,120,90,https://i.ytimg.com/vi/dJg1ptpqN2g/mqdefault.jpg,320,180,https://i.ytimg.com/vi/dJg1ptpqN2g/hqdefault.jpg,480,360,PewDiePie,none,2019-07-20
_dyPXm7hedg,2019-07-21T15:57:54.000Z,UC-lHJZR3Gqxm24_Vd_AJ5Yw,FaceApp Review,Theres been concerns regarding FaceApp stealing data. Please be cautious if downloading Suppert the chan get merch : https://represent.com/pewdiepie ...,https://i.ytimg.com/vi/_dyPXm7hedg/default.jpg,120,90,https://i.ytimg.com/vi/_dyPXm7hedg/mqdefault.jpg,320,180,https://i.ytimg.com/vi/_dyPXm7hedg/hqdefault.jpg,480,360,PewDiePie,none,2019-07-21
3Ag0BzLkaD4,2019-07-22T17:46:50.000Z,UC-lHJZR3Gqxm24_Vd_AJ5Yw,I found the END of Minecraft! - Part 18,ALL MINECRAFT EPISODES HERE: https://www.youtube.com/playlist?list=PLYH8WvNV1YEn9PkI2stxJWMs8GRit66Rz Minecraft merch ...,https://i.ytimg.com/vi/3Ag0BzLkaD4/default.jpg,120,90,https://i.ytimg.com/vi/3Ag0BzLkaD4/mqdefault.jpg,320,180,https://i.ytimg.com/vi/3Ag0BzLkaD4/hqdefault.jpg,480,360,PewDiePie,none,2019-07-22
leOb6ndKiWU,2019-07-25T15:45:00.000Z,UC-lHJZR3Gqxm24_Vd_AJ5Yw,Explaining why I REFUSED to play Minecraft - LWIAY #0085,Minecraft epic info NEW MINECRAFT MERCH : https://represent.com/pewdiepie (‚ó°‚Äø‚ó°‚úø) All minecraft episodes: ...,https://i.ytimg.com/vi/leOb6ndKiWU/default.jpg,120,90,https://i.ytimg.com/vi/leOb6ndKiWU/mqdefault.jpg,320,180,https://i.ytimg.com/vi/leOb6ndKiWU/hqdefault.jpg,480,360,PewDiePie,none,2019-07-25
8Le7yEPA5SY,2019-07-29T18:02:29.000Z,UC-lHJZR3Gqxm24_Vd_AJ5Yw,I did an Oopsie in Minecraft  - Part 21,New Minecraft Merch! https://represent.com/pewdiepie Minecraft Full playlist: ...,https://i.ytimg.com/vi/8Le7yEPA5SY/default.jpg,120,90,https://i.ytimg.com/vi/8Le7yEPA5SY/mqdefault.jpg,320,180,https://i.ytimg.com/vi/8Le7yEPA5SY/hqdefault.jpg,480,360,PewDiePie,none,2019-07-29
oOzJAgwfhxo,2019-07-30T16:21:45.000Z,UC-lHJZR3Gqxm24_Vd_AJ5Yw,You Laugh You Lose (Minecraft Edition) YLYL #0063,All Minecraft Episodes: https://www.youtube.com/watch?v=8Le7yEPA5SY&list=PLYH8WvNV1YEn9PkI2stxJWMs8GRit66Rz NEW MINECRAFT MERCH: ...,https://i.ytimg.com/vi/oOzJAgwfhxo/default.jpg,120,90,https://i.ytimg.com/vi/oOzJAgwfhxo/mqdefault.jpg,320,180,https://i.ytimg.com/vi/oOzJAgwfhxo/hqdefault.jpg,480,360,PewDiePie,none,2019-07-30
qpLFWwo7tL0,2019-08-02T18:51:30.000Z,UC-lHJZR3Gqxm24_Vd_AJ5Yw,I found AMAZING loot from FISHING in Minecraft! - Part 23,I fish in minecraft very epicly NEW Pewdiepie Merch HERE: https://represent.com/pewdiepie (thank you) All Minecraft Episodes HERE: ...,https://i.ytimg.com/vi/qpLFWwo7tL0/default.jpg,120,90,https://i.ytimg.com/vi/qpLFWwo7tL0/mqdefault.jpg,320,180,https://i.ytimg.com/vi/qpLFWwo7tL0/hqdefault.jpg,480,360,PewDiePie,none,2019-08-02
KDZ9BrrjTV0,2019-08-06T16:15:00.000Z,UC-lHJZR3Gqxm24_Vd_AJ5Yw,We found a Water Sheep in Minecraft! Minecraft w/ Jacksepticeye - Part 2,Water sheep return in Minecraft epicly New Minecraft Pewdiepie Merch! https://represent.com/pewdiepie (thank you) All Minecraft Episodes: ...,https://i.ytimg.com/vi/KDZ9BrrjTV0/default.jpg,120,90,https://i.ytimg.com/vi/KDZ9BrrjTV0/mqdefault.jpg,320,180,https://i.ytimg.com/vi/KDZ9BrrjTV0/hqdefault.jpg,480,360,PewDiePie,none,2019-08-06
VsVjKpsyN7o,2019-08-09T16:15:00.000Z,UC-lHJZR3Gqxm24_Vd_AJ5Yw,I found a PewDiePie Boss in Minecraft! (Real) - Part 26,Epicly found myself pewdiepie in minecraft New Minecraft Merch! https://represent.com/pewdiepie (thank you) Big thanks to: ...,https://i.ytimg.com/vi/VsVjKpsyN7o/default.jpg,120,90,https://i.ytimg.com/vi/VsVjKpsyN7o/mqdefault.jpg,320,180,https://i.ytimg.com/vi/VsVjKpsyN7o/hqdefault.jpg,480,360,PewDiePie,none,2019-08-09
xvJ7BHGcbr0,2019-08-16T16:20:43.000Z,UC-lHJZR3Gqxm24_Vd_AJ5Yw,Minecraft but the FLOOR IS LAVA,New Minecraft PewDiePie Merch! https://represent.com/store/pewdiepie (Thank you) (‚ñ±Àò‚ó°Àò‚ñ±) Minecraft Series Playlist: ...,https://i.ytimg.com/vi/xvJ7BHGcbr0/default.jpg,120,90,https://i.ytimg.com/vi/xvJ7BHGcbr0/mqdefault.jpg,320,180,https://i.ytimg.com/vi/xvJ7BHGcbr0/hqdefault.jpg,480,360,PewDiePie,none,2019-08-16
kEGaLDmQD8M,2019-09-01T16:32:36.000Z,UC-lHJZR3Gqxm24_Vd_AJ5Yw,Found the RAREST Biome in Minecraft - Minecraft with Jacksepticeye - Part 7,jacksan - https://www.youtube.com/channel/UCYzPXprvl5Y-Sf0g4vX-m6g 100 CLUB MERCH OUT NOW! https://represent.com/store/pewdiepie (Thank you) ...,https://i.ytimg.com/vi/kEGaLDmQD8M/default.jpg,120,90,https://i.ytimg.com/vi/kEGaLDmQD8M/mqdefault.jpg,320,180,https://i.ytimg.com/vi/kEGaLDmQD8M/hqdefault.jpg,480,360,PewDiePie,none,2019-09-01
uve3CQWxRq0,2019-09-21T18:13:24.000Z,UC-lHJZR3Gqxm24_Vd_AJ5Yw,Minecraft can sometimes be bad.. Minecraft with Jacksepticeye - Part 10,I made an Oopsie 100 CLUB MERCH OUT NOW! https://represent.com/store/pewdiepie (Thank you) (‚ñ±Àò‚ó°Àò‚ñ±) Green boy ...,https://i.ytimg.com/vi/uve3CQWxRq0/default.jpg,120,90,https://i.ytimg.com/vi/uve3CQWxRq0/mqdefault.jpg,320,180,https://i.ytimg.com/vi/uve3CQWxRq0/hqdefault.jpg,480,360,PewDiePie,none,2019-09-21
HLZA-s_W0Ak,2019-09-29T15:30:01.000Z,UC-lHJZR3Gqxm24_Vd_AJ5Yw,Minecraft 4k Graphics VSync On 1080p MAX ULTRA SETTINGS,100 CLUB MERCH OUT NOW! https://represent.com/store/pewdiepie (Thank you) (‚ñ±Àò‚ó°Àò‚ñ±) Minecraft Series Playlist: ...,https://i.ytimg.com/vi/HLZA-s_W0Ak/default.jpg,120,90,https://i.ytimg.com/vi/HLZA-s_W0Ak/mqdefault.jpg,320,180,https://i.ytimg.com/vi/HLZA-s_W0Ak/hqdefault.jpg,480,360,PewDiePie,none,2019-09-29
usnzZJPOnJw,2019-10-04T17:20:59.000Z,UC-lHJZR3Gqxm24_Vd_AJ5Yw,Minecraft New Thanos update is CRAZY,100 CLUB MERCH OUT NOW! https://represent.com/store/pewdiepie (Thank you) (‚ñ±Àò‚ó°Àò‚ñ±) Mod by https://mcmakistein.com/ inecraft Series Playlist: ...,https://i.ytimg.com/vi/usnzZJPOnJw/default.jpg,120,90,https://i.ytimg.com/vi/usnzZJPOnJw/mqdefault.jpg,320,180,https://i.ytimg.com/vi/usnzZJPOnJw/hqdefault.jpg,480,360,PewDiePie,none,2019-10-04
nUfb4UxnvJk,2019-10-07T17:34:06.000Z,UC-lHJZR3Gqxm24_Vd_AJ5Yw,stop the reddit drama LWIAY #0094,100 CLUB MERCH OUT NOW! https://represent.com/store/pewdiepie (Thank you) (‚ñ±Àò‚ó°Àò‚ñ±) Minecraft Series Playlist: ...,https://i.ytimg.com/vi/nUfb4UxnvJk/default.jpg,120,90,https://i.ytimg.com/vi/nUfb4UxnvJk/mqdefault.jpg,320,180,https://i.ytimg.com/vi/nUfb4UxnvJk/hqdefault.jpg,480,360,PewDiePie,none,2019-10-07
QKlUTCtY0Zs,2019-10-11T15:30:00.000Z,UC-lHJZR3Gqxm24_Vd_AJ5Yw,I met a Minecraft Girlfriend - RL Minecraft - 1,Minecraft RL mod very epic 100 CLUB MERCH OUT NOW! https://represent.com/store/pewdiepie (Thank you) (‚ñ±Àò‚ó°Àò‚ñ±) Minecraft Series Playlist: ...,https://i.ytimg.com/vi/QKlUTCtY0Zs/default.jpg,120,90,https://i.ytimg.com/vi/QKlUTCtY0Zs/mqdefault.jpg,320,180,https://i.ytimg.com/vi/QKlUTCtY0Zs/hqdefault.jpg,480,360,PewDiePie,none,2019-10-11
UNu5A1wGJQc,2019-10-20T17:01:36.000Z,UC-lHJZR3Gqxm24_Vd_AJ5Yw,"You Haha, You Lose! YLYL #0066",COP FIGURINE: https://pewdiepie.store 100 CLUB MERCH OUT NOW! https://represent.com/store/pewdiepie (Thank you) (‚ñ±Àò‚ó°Àò‚ñ±) Minecraft Series Playlist: ...,https://i.ytimg.com/vi/UNu5A1wGJQc/default.jpg,120,90,https://i.ytimg.com/vi/UNu5A1wGJQc/mqdefault.jpg,320,180,https://i.ytimg.com/vi/UNu5A1wGJQc/hqdefault.jpg,480,360,PewDiePie,none,2019-10-20
UAlIq7BKNxg,2019-10-23T17:20:14.000Z,UC-lHJZR3Gqxm24_Vd_AJ5Yw,Mine All Day (Minecraft Music Video),Spotify/Itunes: http://smarturl.it/mineallday Music by: Party In Backyard https://www.youtube.com/partyinbackyard Lyrics by: David Paul Brown (boyinaband): ...,https://i.ytimg.com/vi/UAlIq7BKNxg/default.jpg,120,90,https://i.ytimg.com/vi/UAlIq7BKNxg/mqdefault.jpg,320,180,https://i.ytimg.com/vi/UAlIq7BKNxg/hqdefault.jpg,480,360,PewDiePie,none,2019-10-23
mYugwGNOIeM,2019-10-24T16:30:10.000Z,UC-lHJZR3Gqxm24_Vd_AJ5Yw,VIBE CHECK VIBE CHECK VIBE CHECK VIBE CHECK   [MEME REVIEW] üëè üëè#69,"Vibe check, time zone gang, Yuri, and more epicly memes 100 CLUB MERCH OUT NOW! https://represent.com/store/pewdiepie (Thank you) ...",https://i.ytimg.com/vi/mYugwGNOIeM/default.jpg,120,90,https://i.ytimg.com/vi/mYugwGNOIeM/mqdefault.jpg,320,180,https://i.ytimg.com/vi/mYugwGNOIeM/hqdefault.jpg,480,360,PewDiePie,none,2019-10-24
UrJVL3CftIU,2019-11-06T19:57:21.000Z,UC-lHJZR3Gqxm24_Vd_AJ5Yw,Blursed images is HILARIOUS /r/bluresedimages top all  #53 [REDDIT REVIEW],jacksan - https://www.youtube.com/jacksepticeye 100 CLUB MERCH OUT NOW https://represent.com/store/pewdiepie (Thank you) (‚ñ±Àò‚ó°Àò‚ñ±) Minecraft Series ...,https://i.ytimg.com/vi/UrJVL3CftIU/default.jpg,120,90,https://i.ytimg.com/vi/UrJVL3CftIU/mqdefault.jpg,320,180,https://i.ytimg.com/vi/UrJVL3CftIU/hqdefault.jpg,480,360,PewDiePie,none,2019-11-06
mOwX1ZNY2Jc,2019-11-08T19:09:59.000Z,UC-lHJZR3Gqxm24_Vd_AJ5Yw,Minecraft mobs I could beat in a fightüí™ü§¥,Today we test the strength of Minecraft Tiers Download my tier template: https://we.tl/t-jRpRsRgZy7 PEWDIEPIE FIGURINE: https://pewdiepie.store 100 CLUB ...,https://i.ytimg.com/vi/mOwX1ZNY2Jc/default.jpg,120,90,https://i.ytimg.com/vi/mOwX1ZNY2Jc/mqdefault.jpg,320,180,https://i.ytimg.com/vi/mOwX1ZNY2Jc/hqdefault.jpg,480,360,PewDiePie,none,2019-11-08
3CvMALbPoYE,2019-11-13T18:29:46.000Z,UC-lHJZR3Gqxm24_Vd_AJ5Yw,ü§îü§îü§îü§îü§îü§îü§îü§îü§îü§îü§îü§îü§îü§îü§îü§îü§îü§îü§îü§îü§îü§îü§îü§îü§îü§îü§îü§îü§îü§îü§îü§îü§îü§îü§îü§îü§îü§îü§îü§îü§îü§îü§îü§îü§î /r/hmm top all  #54 [REDDIT REVIEW],,https://i.ytimg.com/vi/3CvMALbPoYE/default.jpg,120,90,https://i.ytimg.com/vi/3CvMALbPoYE/mqdefault.jpg,320,180,https://i.ytimg.com/vi/3CvMALbPoYE/hqdefault.jpg,480,360,PewDiePie,none,2019-11-13
cOeLz87i0XE,2019-11-18T18:45:43.000Z,UC-lHJZR3Gqxm24_Vd_AJ5Yw,My comment section is the worst on YouTube LWIAY #0099,"Stop posting bad comments guys, Subscribe 100 CLUB MERCH OUT NOW! https://represent.com/store/pewdiepie (Thank you) Pewdiepie's Pixelings ...",https://i.ytimg.com/vi/cOeLz87i0XE/default.jpg,120,90,https://i.ytimg.com/vi/cOeLz87i0XE/mqdefault.jpg,320,180,https://i.ytimg.com/vi/cOeLz87i0XE/hqdefault.jpg,480,360,PewDiePie,none,2019-11-18
eJEMzUd3Tns,2019-12-01T18:13:24.000Z,UC-lHJZR3Gqxm24_Vd_AJ5Yw,I Should Have Listened.... - Terraria - Part 3,I made a big opsie in terraria game not good Full playlist all terraria episodes; ...,https://i.ytimg.com/vi/eJEMzUd3Tns/default.jpg,120,90,https://i.ytimg.com/vi/eJEMzUd3Tns/mqdefault.jpg,320,180,https://i.ytimg.com/vi/eJEMzUd3Tns/hqdefault.jpg,480,360,PewDiePie,none,2019-12-01
q6-Upc54lg8,2019-12-09T16:54:09.000Z,UC-lHJZR3Gqxm24_Vd_AJ5Yw,99.41% Cant Watch This Without Facepalming **super hard** /r/facepalm top all #57 [REDDIT REVIEW],r/facepalm all top voted are epic on reddit 100 CLUB MERCH OUT NOW! https://represent.com/store/pewdiepie (Thank you) Pewdiepie's Pixelings DOWNLOAD: ...,https://i.ytimg.com/vi/q6-Upc54lg8/default.jpg,120,90,https://i.ytimg.com/vi/q6-Upc54lg8/mqdefault.jpg,320,180,https://i.ytimg.com/vi/q6-Upc54lg8/hqdefault.jpg,480,360,PewDiePie,none,2019-12-09
t9-4eMdBejk,2019-12-14T18:05:15.000Z,UC-lHJZR3Gqxm24_Vd_AJ5Yw,YouTube&#39;s New Update Has A BIG FLAW! üì∞PEW NEWS üì∞,Youtube stinky 100 CLUB MERCH OUT NOW! https://represent.com/store/pewdiepie (Thank you) Pewdiepie's Pixelings DOWNLOAD: iOS: ...,https://i.ytimg.com/vi/t9-4eMdBejk/default.jpg,120,90,https://i.ytimg.com/vi/t9-4eMdBejk/mqdefault.jpg,320,180,https://i.ytimg.com/vi/t9-4eMdBejk/hqdefault.jpg,480,360,PewDiePie,none,2019-12-14
M6nnYaUjeqw,2019-12-15T17:39:54.000Z,UC-lHJZR3Gqxm24_Vd_AJ5Yw,I will get in trouble for this (not good) /r/cursedcomments #58 [REDDIT REVIEW],i saw spooky curse. not endorsed or supported by pewdiepie corp llc ltd. thank cursed comments top all reddit 100 CLUB MERCH OUT NOW!,https://i.ytimg.com/vi/M6nnYaUjeqw/default.jpg,120,90,https://i.ytimg.com/vi/M6nnYaUjeqw/mqdefault.jpg,320,180,https://i.ytimg.com/vi/M6nnYaUjeqw/hqdefault.jpg,480,360,PewDiePie,none,2019-12-15
pSi5IzMs13o,2019-12-30T18:30:02.000Z,UC-lHJZR3Gqxm24_Vd_AJ5Yw,Addressing the Reddit Controversy - LWIAY #00104,HUGE drama on pewdiepie submissions not epicly 100 CLUB MERCH OUT NOW! https://represent.com/store/pewdiepie (Thank you) Pewdiepie's Pixelings ...,https://i.ytimg.com/vi/pSi5IzMs13o/default.jpg,120,90,https://i.ytimg.com/vi/pSi5IzMs13o/mqdefault.jpg,320,180,https://i.ytimg.com/vi/pSi5IzMs13o/hqdefault.jpg,480,360,PewDiePie,none,2019-12-30
HcOw8mxVdvQ,2020-01-09T18:03:03.000Z,UC-lHJZR3Gqxm24_Vd_AJ5Yw,Designs that will make you MAD! #60 [REDDIT REVIEW],"ad Follow me on DLive - https://go.dlive.tv/pewdiepie To celebrate DLive joining the BitTorrent family, click here to win a PewDiePie 100M Edition Chair ...",https://i.ytimg.com/vi/HcOw8mxVdvQ/default.jpg,120,90,https://i.ytimg.com/vi/HcOw8mxVdvQ/mqdefault.jpg,320,180,https://i.ytimg.com/vi/HcOw8mxVdvQ/hqdefault.jpg,480,360,PewDiePie,none,2020-01-09
0e1MbM7gQ20,2020-03-07T17:30:02.000Z,UC-lHJZR3Gqxm24_Vd_AJ5Yw,Stop this...  - LWIAY #00109,people make fun of my hair not cool 100 CLUB MERCH OUT NOW! https://represent.com/store/pewdiepie (Thank you) Pewdiepie's Pixelings DOWNLOAD: iOS: ...,https://i.ytimg.com/vi/0e1MbM7gQ20/default.jpg,120,90,https://i.ytimg.com/vi/0e1MbM7gQ20/mqdefault.jpg,320,180,https://i.ytimg.com/vi/0e1MbM7gQ20/hqdefault.jpg,480,360,PewDiePie,none,2020-03-07
n2sGrYEM8Ec,2020-03-24T14:10:44.000Z,UC-lHJZR3Gqxm24_Vd_AJ5Yw,15 Men vs 5 Women is Cringe - Jubilee React #4,AD: Check out the Arkade Blaster PDP ed: https://www.indiegogo.com/project/preview/6f92e12f#/ Jubilee 15 men vs 5 woman is not epic lads 100 CLUB ...,https://i.ytimg.com/vi/n2sGrYEM8Ec/default.jpg,120,90,https://i.ytimg.com/vi/n2sGrYEM8Ec/mqdefault.jpg,320,180,https://i.ytimg.com/vi/n2sGrYEM8Ec/hqdefault.jpg,480,360,PewDiePie,none,2020-03-24
HqUuwkzx6QA,2020-03-24T16:58:24.000Z,UC-lHJZR3Gqxm24_Vd_AJ5Yw,My NEW House *101% real*  - Subnautica - Part 3,new house very real All Subnautica EpisodeS: https://www.youtube.com/watch?v=WS54qL3GeaI&list=PLYH8WvNV1YElSlBP0ohchkYTByQ-xD92v 100 CLUB ...,https://i.ytimg.com/vi/HqUuwkzx6QA/default.jpg,120,90,https://i.ytimg.com/vi/HqUuwkzx6QA/mqdefault.jpg,320,180,https://i.ytimg.com/vi/HqUuwkzx6QA/hqdefault.jpg,480,360,PewDiePie,none,2020-03-24
6h2S8uFnlCE,2020-03-28T22:27:57.000Z,UC-lHJZR3Gqxm24_Vd_AJ5Yw,I Found Markiplier In this Game. (amazing),super cool guys 100 CLUB MERCH OUT NOW! https://represent.com/store/pewdiepie (Thank you) Pewdiepie's Pixelings DOWNLOAD: iOS: ...,https://i.ytimg.com/vi/6h2S8uFnlCE/default.jpg,120,90,https://i.ytimg.com/vi/6h2S8uFnlCE/mqdefault.jpg,320,180,https://i.ytimg.com/vi/6h2S8uFnlCE/hqdefault.jpg,480,360,PewDiePie,none,2020-03-28
LroxS0COulo,2020-03-29T18:50:53.000Z,UC-lHJZR3Gqxm24_Vd_AJ5Yw,Idubbbz Content Cop,idubbbz responds to being called a simp not epic 100 CLUB MERCH OUT NOW! https://represent.com/store/pewdiepie (Thank you) Pewdiepie's Pixelings ...,https://i.ytimg.com/vi/LroxS0COulo/default.jpg,120,90,https://i.ytimg.com/vi/LroxS0COulo/mqdefault.jpg,320,180,https://i.ytimg.com/vi/LroxS0COulo/hqdefault.jpg,480,360,PewDiePie,none,2020-03-29
JbBda7Ow-pE,2020-03-30T16:45:00.000Z,UC-lHJZR3Gqxm24_Vd_AJ5Yw,Never Go This Deep Down.... - Subnautica - Part 6,Subnautica Merch OUT: https://represent.com/store/pewdiepie (Thank you) Pewdiepie's Pixelings DOWNLOAD: iOS: https://buff.ly/2pNG0aT Android: ...,https://i.ytimg.com/vi/JbBda7Ow-pE/default.jpg,120,90,https://i.ytimg.com/vi/JbBda7Ow-pE/mqdefault.jpg,320,180,https://i.ytimg.com/vi/JbBda7Ow-pE/hqdefault.jpg,480,360,PewDiePie,none,2020-03-30
RWEZj9TbLzc,2020-04-13T17:40:38.000Z,UC-lHJZR3Gqxm24_Vd_AJ5Yw,The REAL Reason Marzia Quit YT - LWIAY #00114,1mil likes for fines pherb bros 100 CLUB MERCH OUT NOW! https://represent.com/store/pewdiepie (Thank you) Pewdiepie's Pixelings DOWNLOAD: iOS: ...,https://i.ytimg.com/vi/RWEZj9TbLzc/default.jpg,120,90,https://i.ytimg.com/vi/RWEZj9TbLzc/mqdefault.jpg,320,180,https://i.ytimg.com/vi/RWEZj9TbLzc/hqdefault.jpg,480,360,PewDiePie,none,2020-04-13
efXTz0h7ov4,2020-04-18T19:36:59.000Z,UC-lHJZR3Gqxm24_Vd_AJ5Yw,NEVER Look Inside the Eye! - Subnautica - Part 7,SIMPNAUTICA MERCH! https://represent.com/store/pewdiepie (Thank you) Pewdiepie's Pixelings DOWNLOAD: iOS: https://buff.ly/2pNG0aT Android: ...,https://i.ytimg.com/vi/efXTz0h7ov4/default.jpg,120,90,https://i.ytimg.com/vi/efXTz0h7ov4/mqdefault.jpg,320,180,https://i.ytimg.com/vi/efXTz0h7ov4/hqdefault.jpg,480,360,PewDiePie,none,2020-04-18
PUe-BLqeFwk,2020-04-19T17:26:14.000Z,UC-lHJZR3Gqxm24_Vd_AJ5Yw,I Got A Giant Creeper Computer in the Mail! - LWIAY #00115,Go sub to Linus brovs: https://www.youtube.com/watch?v=JBwMDfMfSNU&t=1066s Huge thanks for the creeper 100 CLUB MERCH OUT NOW!,https://i.ytimg.com/vi/PUe-BLqeFwk/default.jpg,120,90,https://i.ytimg.com/vi/PUe-BLqeFwk/mqdefault.jpg,320,180,https://i.ytimg.com/vi/PUe-BLqeFwk/hqdefault.jpg,480,360,PewDiePie,none,2020-04-19
INuJXrUQJB0,2020-04-21T17:54:37.000Z,UC-lHJZR3Gqxm24_Vd_AJ5Yw,Do All Millionaires Think The Same?,Jubilee vid: https://www.youtube.com/watch?v=5lWZF0z01uA 100 CLUB MERCH OUT NOW! https://represent.com/store/pewdiepie (Thank you) Pewdiepie's ...,https://i.ytimg.com/vi/INuJXrUQJB0/default.jpg,120,90,https://i.ytimg.com/vi/INuJXrUQJB0/mqdefault.jpg,320,180,https://i.ytimg.com/vi/INuJXrUQJB0/hqdefault.jpg,480,360,PewDiePie,none,2020-04-21
eoqR4L5B27M,2020-04-22T17:11:53.000Z,UC-lHJZR3Gqxm24_Vd_AJ5Yw,Koreans React To Pewdiepie,what does koreans in their 30s think of pewdiepie? Simpnautica merch! https://represent.com/store/pewdiepie (Thank you) Their vid: ...,https://i.ytimg.com/vi/eoqR4L5B27M/default.jpg,120,90,https://i.ytimg.com/vi/eoqR4L5B27M/mqdefault.jpg,320,180,https://i.ytimg.com/vi/eoqR4L5B27M/hqdefault.jpg,480,360,PewDiePie,none,2020-04-22
N_8PCKLjJJ4,2020-04-23T16:02:41.000Z,UC-lHJZR3Gqxm24_Vd_AJ5Yw,I Found Infinite GOLD Source in Minecraft,How to get infinite gold farm in minecraft 100% legit Simpnautica merch out now! https://represent.com/store/pewdiepie (Thank you) Pewdiepie's Pixelings ...,https://i.ytimg.com/vi/N_8PCKLjJJ4/default.jpg,120,90,https://i.ytimg.com/vi/N_8PCKLjJJ4/mqdefault.jpg,320,180,https://i.ytimg.com/vi/N_8PCKLjJJ4/hqdefault.jpg,480,360,PewDiePie,none,2020-04-23
GB2gnayGlkI,2020-04-24T16:45:01.000Z,UC-lHJZR3Gqxm24_Vd_AJ5Yw,Man Puts Mayo in His Hair.......,TLC big ed likes mayo in his hair and lies 100 CLUB MERCH OUT NOW! https://represent.com/store/pewdiepie (Thank you) Pewdiepie's Pixelings DOWNLOAD: ...,https://i.ytimg.com/vi/GB2gnayGlkI/default.jpg,120,90,https://i.ytimg.com/vi/GB2gnayGlkI/mqdefault.jpg,320,180,https://i.ytimg.com/vi/GB2gnayGlkI/hqdefault.jpg,480,360,PewDiePie,none,2020-04-24
